{"MSE": 0.0407252311706543, "RMSE": 0.2018049334646066, "R2": 0.9593353271484375}