{"MSE": 0.11293011903762817, "RMSE": 0.3360507685419395, "R2": 0.8910007476806641}